index,x_m,y_m,pixel_x,pixel_y
0,58.51263763475185,-8.608861713374191,1271.0,187.0
1,6.951540741815522,-8.700935100683004,151.0,189.0
2,58.60471102206066,-8.608861713374191,1273.0,187.0
